USE MISSION;
INSERT INTO METEOBASE(dateheure,temp,vitessevent,hygrométrie) VALUES ('2018-12-05 00:00:00',20.1,20,3.1);
INSERT INTO METEOBASE(dateheure,temp,vitessevent,hygrométrie) VALUES ('2018-12-05 01:00:00',21.6,19,3.0);
INSERT INTO METEOBASE(dateheure,temp,vitessevent,hygrométrie) VALUES ('2018-12-05 02:00:00',22,20.1,3.6);
INSERT INTO METEOBASE(dateheure,temp,vitessevent,hygrométrie) VALUES ('2018-12-05 03:00:00',22.5,20,3.7);
INSERT INTO METEOBASE(dateheure,temp,vitessevent,hygrométrie) VALUES ('2018-12-05 04:00:00',22.7,21,3.8);
INSERT INTO METEOBASE(dateheure,temp,vitessevent,hygrométrie) VALUES ('2018-12-05 05:00:00',22.9,17.8,3.9);
INSERT INTO METEOBASE(dateheure,temp,vitessevent,hygrométrie) VALUES ('2018-12-05 06:00:00',23.1,17.1,4);
INSERT INTO METEOBASE(dateheure,temp,vitessevent,hygrométrie) VALUES ('2018-12-05 07:00:00',23.5,17.5,4.1);
INSERT INTO METEOBASE(dateheure,temp,vitessevent,hygrométrie) VALUES ('2018-12-05 08:00:00',25,18,4);
INSERT INTO METEOBASE(dateheure,temp,vitessevent,hygrométrie) VALUES ('2018-12-05 09:00:00',27,19,4);
INSERT INTO METEOBASE(dateheure,temp,vitessevent,hygrométrie) VALUES ('2018-12-05 10:00:00',31,15,6);
INSERT INTO METEOBASE(dateheure,temp,vitessevent,hygrométrie) VALUES ('2018-12-05 11:00:00',32,16,6);
INSERT INTO METEOBASE(dateheure,temp,vitessevent,hygrométrie) VALUES ('2018-12-05 12:00:00',34,12,4);
INSERT INTO METEOBASE(dateheure,temp,vitessevent,hygrométrie) VALUES ('2018-12-05 13:00:00',35,11,3);
INSERT INTO METEOBASE(dateheure,temp,vitessevent,hygrométrie) VALUES ('2018-12-05 14:00:00',37,9,2);
INSERT INTO METEOBASE(dateheure,temp,vitessevent,hygrométrie) VALUES ('2018-12-05 15:00:00',39,8,3);
INSERT INTO METEOBASE(dateheure,temp,vitessevent,hygrométrie) VALUES ('2018-12-05 16:00:00',42,7,6);
INSERT INTO METEOBASE(dateheure,temp,vitessevent,hygrométrie) VALUES ('2018-12-05 17:00:00',44,6,3);
INSERT INTO METEOBASE(dateheure,temp,vitessevent,hygrométrie) VALUES ('2018-12-05 18:00:00',50,2,1);
INSERT INTO METEOBASE(dateheure,temp,vitessevent,hygrométrie) VALUES ('2018-12-05 19:00:00',48,10,3);
INSERT INTO METEOBASE(dateheure,temp,vitessevent,hygrométrie) VALUES ('2018-12-05 20:00:00',42,15,6);
INSERT INTO METEOBASE(dateheure,temp,vitessevent,hygrométrie) VALUES ('2018-12-05 21:00:00',39,14,5);
INSERT INTO METEOBASE(dateheure,temp,vitessevent,hygrométrie) VALUES ('2018-12-05 22:00:00',32,30,4);
INSERT INTO METEOBASE(dateheure,temp,vitessevent,hygrométrie) VALUES ('2018-12-05 23:00:00',25,40,9);

INSERT INTO METEOBASE(dateheure,temp,vitessevent,hygrométrie) VALUES ('2018-12-06 00:00:00',20.1,20,3.1);
INSERT INTO METEOBASE(dateheure,temp,vitessevent,hygrométrie) VALUES ('2018-12-06 01:00:00',21.6,19,3.0);
INSERT INTO METEOBASE(dateheure,temp,vitessevent,hygrométrie) VALUES ('2018-12-06 02:00:00',22,20.1,3.6);
INSERT INTO METEOBASE(dateheure,temp,vitessevent,hygrométrie) VALUES ('2018-12-06 03:00:00',22.5,20,3.7);
INSERT INTO METEOBASE(dateheure,temp,vitessevent,hygrométrie) VALUES ('2018-12-06 04:00:00',22.7,21,3.8);
INSERT INTO METEOBASE(dateheure,temp,vitessevent,hygrométrie) VALUES ('2018-12-06 05:00:00',22.9,17.8,3.9);
INSERT INTO METEOBASE(dateheure,temp,vitessevent,hygrométrie) VALUES ('2018-12-06 06:00:00',23.1,17.1,4);
INSERT INTO METEOBASE(dateheure,temp,vitessevent,hygrométrie) VALUES ('2018-12-06 07:00:00',23.5,17.5,4.1);
INSERT INTO METEOBASE(dateheure,temp,vitessevent,hygrométrie) VALUES ('2018-12-06 08:00:00',25,18,4);
INSERT INTO METEOBASE(dateheure,temp,vitessevent,hygrométrie) VALUES ('2018-12-06 09:00:00',27,19,4);
INSERT INTO METEOBASE(dateheure,temp,vitessevent,hygrométrie) VALUES ('2018-12-06 10:00:00',31,15,6);
INSERT INTO METEOBASE(dateheure,temp,vitessevent,hygrométrie) VALUES ('2018-12-06 11:00:00',32,16,6);
INSERT INTO METEOBASE(dateheure,temp,vitessevent,hygrométrie) VALUES ('2018-12-06 12:00:00',34,12,4);
INSERT INTO METEOBASE(dateheure,temp,vitessevent,hygrométrie) VALUES ('2018-12-06 13:00:00',35,11,3);
INSERT INTO METEOBASE(dateheure,temp,vitessevent,hygrométrie) VALUES ('2018-12-06 14:00:00',37,9,2);
INSERT INTO METEOBASE(dateheure,temp,vitessevent,hygrométrie) VALUES ('2018-12-06 15:00:00',39,8,3);
INSERT INTO METEOBASE(dateheure,temp,vitessevent,hygrométrie) VALUES ('2018-12-06 16:00:00',42,7,6);
INSERT INTO METEOBASE(dateheure,temp,vitessevent,hygrométrie) VALUES ('2018-12-06 17:00:00',44,6,3);
INSERT INTO METEOBASE(dateheure,temp,vitessevent,hygrométrie) VALUES ('2018-12-06 18:00:00',50,2,1);
INSERT INTO METEOBASE(dateheure,temp,vitessevent,hygrométrie) VALUES ('2018-12-06 19:00:00',48,10,3);
INSERT INTO METEOBASE(dateheure,temp,vitessevent,hygrométrie) VALUES ('2018-12-06 20:00:00',42,15,6);
INSERT INTO METEOBASE(dateheure,temp,vitessevent,hygrométrie) VALUES ('2018-12-06 21:00:00',39,14,5);
INSERT INTO METEOBASE(dateheure,temp,vitessevent,hygrométrie) VALUES ('2018-12-06 22:00:00',32,30,4);
INSERT INTO METEOBASE(dateheure,temp,vitessevent,hygrométrie) VALUES ('2018-12-06 23:00:00',25,40,9);





INSERT INTO METEOHOMME(dateheure,temp,vitessevent,hygrométrie) VALUES ('2018-12-05 00:00:00',20.1,20,3.1);
INSERT INTO METEOHOMME(dateheure,temp,vitessevent,hygrométrie) VALUES ('2018-12-05 01:00:00',21.6,19,3.0);
INSERT INTO METEOHOMME(dateheure,temp,vitessevent,hygrométrie) VALUES ('2018-12-05 02:00:00',22,20.1,3.6);
INSERT INTO METEOHOMME(dateheure,temp,vitessevent,hygrométrie) VALUES ('2018-12-05 03:00:00',22.5,20,3.7);
INSERT INTO METEOHOMME(dateheure,temp,vitessevent,hygrométrie) VALUES ('2018-12-05 04:00:00',22.7,21,3.8);
INSERT INTO METEOHOMME(dateheure,temp,vitessevent,hygrométrie) VALUES ('2018-12-05 05:00:00',22.9,17.8,3.9);
INSERT INTO METEOHOMME(dateheure,temp,vitessevent,hygrométrie) VALUES ('2018-12-05 06:00:00',23.1,17.1,4);
INSERT INTO METEOHOMME(dateheure,temp,vitessevent,hygrométrie) VALUES ('2018-12-05 07:00:00',23.5,17.5,4.1);
INSERT INTO METEOHOMME(dateheure,temp,vitessevent,hygrométrie) VALUES ('2018-12-05 08:00:00',25,18,4);
INSERT INTO METEOHOMME(dateheure,temp,vitessevent,hygrométrie) VALUES ('2018-12-05 09:00:00',27,19,4);
INSERT INTO METEOHOMME(dateheure,temp,vitessevent,hygrométrie) VALUES ('2018-12-05 10:00:00',31,15,6);
INSERT INTO METEOHOMME(dateheure,temp,vitessevent,hygrométrie) VALUES ('2018-12-05 11:00:00',32,16,6);
INSERT INTO METEOHOMME(dateheure,temp,vitessevent,hygrométrie) VALUES ('2018-12-05 12:00:00',34,12,4);
INSERT INTO METEOHOMME(dateheure,temp,vitessevent,hygrométrie) VALUES ('2018-12-05 13:00:00',35,11,3);
INSERT INTO METEOHOMME(dateheure,temp,vitessevent,hygrométrie) VALUES ('2018-12-05 14:00:00',37,9,2);
INSERT INTO METEOHOMME(dateheure,temp,vitessevent,hygrométrie) VALUES ('2018-12-05 15:00:00',39,8,3);
INSERT INTO METEOHOMME(dateheure,temp,vitessevent,hygrométrie) VALUES ('2018-12-05 16:00:00',42,7,6);
INSERT INTO METEOHOMME(dateheure,temp,vitessevent,hygrométrie) VALUES ('2018-12-05 17:00:00',44,6,3);
INSERT INTO METEOHOMME(dateheure,temp,vitessevent,hygrométrie) VALUES ('2018-12-05 18:00:00',50,2,1);
INSERT INTO METEOHOMME(dateheure,temp,vitessevent,hygrométrie) VALUES ('2018-12-05 19:00:00',48,10,3);
INSERT INTO METEOHOMME(dateheure,temp,vitessevent,hygrométrie) VALUES ('2018-12-05 20:00:00',42,15,6);
INSERT INTO METEOHOMME(dateheure,temp,vitessevent,hygrométrie) VALUES ('2018-12-05 21:00:00',39,14,5);
INSERT INTO METEOHOMME(dateheure,temp,vitessevent,hygrométrie) VALUES ('2018-12-05 22:00:00',32,30,4);
INSERT INTO METEOHOMME(dateheure,temp,vitessevent,hygrométrie) VALUES ('2018-12-05 23:00:00',25,40,9);

INSERT INTO METEOHOMME(dateheure,temp,vitessevent,hygrométrie) VALUES ('2018-12-06 00:00:00',20.1,20,3.1);
INSERT INTO METEOHOMME(dateheure,temp,vitessevent,hygrométrie) VALUES ('2018-12-06 01:00:00',21.6,19,3.0);
INSERT INTO METEOHOMME(dateheure,temp,vitessevent,hygrométrie) VALUES ('2018-12-06 02:00:00',22,20.1,3.6);
INSERT INTO METEOHOMME(dateheure,temp,vitessevent,hygrométrie) VALUES ('2018-12-06 03:00:00',22.5,20,3.7);
INSERT INTO METEOHOMME(dateheure,temp,vitessevent,hygrométrie) VALUES ('2018-12-06 04:00:00',22.7,21,3.8);
INSERT INTO METEOHOMME(dateheure,temp,vitessevent,hygrométrie) VALUES ('2018-12-06 05:00:00',22.9,17.8,3.9);
INSERT INTO METEOHOMME(dateheure,temp,vitessevent,hygrométrie) VALUES ('2018-12-06 06:00:00',23.1,17.1,4);
INSERT INTO METEOHOMME(dateheure,temp,vitessevent,hygrométrie) VALUES ('2018-12-06 07:00:00',23.5,17.5,4.1);
INSERT INTO METEOHOMME(dateheure,temp,vitessevent,hygrométrie) VALUES ('2018-12-06 08:00:00',25,18,4);
INSERT INTO METEOHOMME(dateheure,temp,vitessevent,hygrométrie) VALUES ('2018-12-06 09:00:00',27.1,17,2);
INSERT INTO METEOHOMME(dateheure,temp,vitessevent,hygrométrie) VALUES ('2018-12-06 10:00:00',29,18,6);
INSERT INTO METEOHOMME(dateheure,temp,vitessevent,hygrométrie) VALUES ('2018-12-06 11:00:00',31,17,5);
INSERT INTO METEOHOMME(dateheure,temp,vitessevent,hygrométrie) VALUES ('2018-12-06 12:00:00',34,25,3);
INSERT INTO METEOHOMME(dateheure,temp,vitessevent,hygrométrie) VALUES ('2018-12-06 13:00:00',35,20,2);
INSERT INTO METEOHOMME(dateheure,temp,vitessevent,hygrométrie) VALUES ('2018-12-06 14:00:00',37,12,5);
INSERT INTO METEOHOMME(dateheure,temp,vitessevent,hygrométrie) VALUES ('2018-12-06 15:00:00',39,8,3);
INSERT INTO METEOHOMME(dateheure,temp,vitessevent,hygrométrie) VALUES ('2018-12-06 16:00:00',42,7,6);
INSERT INTO METEOHOMME(dateheure,temp,vitessevent,hygrométrie) VALUES ('2018-12-06 17:00:00',44,6,3);
INSERT INTO METEOHOMME(dateheure,temp,vitessevent,hygrométrie) VALUES ('2018-12-06 18:00:00',50,2,1);
INSERT INTO METEOHOMME(dateheure,temp,vitessevent,hygrométrie) VALUES ('2018-12-06 19:00:00',48,10,3);
INSERT INTO METEOHOMME(dateheure,temp,vitessevent,hygrométrie) VALUES ('2018-12-06 20:00:00',42,15,6);
INSERT INTO METEOHOMME(dateheure,temp,vitessevent,hygrométrie) VALUES ('2018-12-06 21:00:00',39,14,5);
INSERT INTO METEOHOMME(dateheure,temp,vitessevent,hygrométrie) VALUES ('2018-12-06 22:00:00',32,30,4);
INSERT INTO METEOHOMME(dateheure,temp,vitessevent,hygrométrie) VALUES ('2018-12-06 23:00:00',25,40,9);




INSERT INTO PHYSIOLOGIE(dateheure,temperature,rythmecardiaque) VALUES ('2018-12-05 00:00:00',37.1,71);
INSERT INTO PHYSIOLOGIE(dateheure,temperature,rythmecardiaque) VALUES ('2018-12-05 01:00:00',37.6,71);
INSERT INTO PHYSIOLOGIE(dateheure,temperature,rythmecardiaque) VALUES ('2018-12-05 02:00:00',37,73);
INSERT INTO PHYSIOLOGIE(dateheure,temperature,rythmecardiaque) VALUES ('2018-12-05 03:00:00',37,75);
INSERT INTO PHYSIOLOGIE(dateheure,temperature,rythmecardiaque) VALUES ('2018-12-05 04:00:00',37,71);
INSERT INTO PHYSIOLOGIE(dateheure,temperature,rythmecardiaque) VALUES ('2018-12-05 05:00:00',37,76);
INSERT INTO PHYSIOLOGIE(dateheure,temperature,rythmecardiaque) VALUES ('2018-12-05 06:00:00',37,73);
INSERT INTO PHYSIOLOGIE(dateheure,temperature,rythmecardiaque) VALUES ('2018-12-05 07:00:00',37,72);
INSERT INTO PHYSIOLOGIE(dateheure,temperature,rythmecardiaque) VALUES ('2018-12-05 08:00:00',37,81);
INSERT INTO PHYSIOLOGIE(dateheure,temperature,rythmecardiaque) VALUES ('2018-12-05 09:00:00',37.5,111);
INSERT INTO PHYSIOLOGIE(dateheure,temperature,rythmecardiaque) VALUES ('2018-12-05 10:00:00',37.3,123);
INSERT INTO PHYSIOLOGIE(dateheure,temperature,rythmecardiaque) VALUES ('2018-12-05 11:00:00',37.2,135);
INSERT INTO PHYSIOLOGIE(dateheure,temperature,rythmecardiaque) VALUES ('2018-12-05 12:00:00',37.1,120);
INSERT INTO PHYSIOLOGIE(dateheure,temperature,rythmecardiaque) VALUES ('2018-12-05 13:00:00',37.3,145);
INSERT INTO PHYSIOLOGIE(dateheure,temperature,rythmecardiaque) VALUES ('2018-12-05 14:00:00',37.1,131);
INSERT INTO PHYSIOLOGIE(dateheure,temperature,rythmecardiaque) VALUES ('2018-12-05 15:00:00',37.1,128);
INSERT INTO PHYSIOLOGIE(dateheure,temperature,rythmecardiaque) VALUES ('2018-12-05 16:00:00',37.8,149);
INSERT INTO PHYSIOLOGIE(dateheure,temperature,rythmecardiaque) VALUES ('2018-12-05 17:00:00',37.6,164);
INSERT INTO PHYSIOLOGIE(dateheure,temperature,rythmecardiaque) VALUES ('2018-12-05 18:00:00',37.4,120);
INSERT INTO PHYSIOLOGIE(dateheure,temperature,rythmecardiaque) VALUES ('2018-12-05 19:00:00',37.2,71);
INSERT INTO PHYSIOLOGIE(dateheure,temperature,rythmecardiaque) VALUES ('2018-12-05 20:00:00',37.1,71);
INSERT INTO PHYSIOLOGIE(dateheure,temperature,rythmecardiaque) VALUES ('2018-12-05 21:00:00',37.1,69);
INSERT INTO PHYSIOLOGIE(dateheure,temperature,rythmecardiaque) VALUES ('2018-12-05 22:00:00',37.1,72);
INSERT INTO PHYSIOLOGIE(dateheure,temperature,rythmecardiaque) VALUES ('2018-12-05 23:00:00',36.9,73);

INSERT INTO PHYSIOLOGIE(dateheure,temperature,rythmecardiaque) VALUES ('2018-12-06 00:00:00',37.1,71);
INSERT INTO PHYSIOLOGIE(dateheure,temperature,rythmecardiaque) VALUES ('2018-12-06 01:00:00',37.6,71);
INSERT INTO PHYSIOLOGIE(dateheure,temperature,rythmecardiaque) VALUES ('2018-12-06 02:00:00',37.1,73);
INSERT INTO PHYSIOLOGIE(dateheure,temperature,rythmecardiaque) VALUES ('2018-12-06 03:00:00',37,75);
INSERT INTO PHYSIOLOGIE(dateheure,temperature,rythmecardiaque) VALUES ('2018-12-06 04:00:00',37.2,71);
INSERT INTO PHYSIOLOGIE(dateheure,temperature,rythmecardiaque) VALUES ('2018-12-06 05:00:00',37.1,76);
INSERT INTO PHYSIOLOGIE(dateheure,temperature,rythmecardiaque) VALUES ('2018-12-06 06:00:00',37.1,73);
INSERT INTO PHYSIOLOGIE(dateheure,temperature,rythmecardiaque) VALUES ('2018-12-06 07:00:00',37,72);
INSERT INTO PHYSIOLOGIE(dateheure,temperature,rythmecardiaque) VALUES ('2018-12-06 08:00:00',37.3,81);
INSERT INTO PHYSIOLOGIE(dateheure,temperature,rythmecardiaque) VALUES ('2018-12-06 09:00:00',37.2,91);
INSERT INTO PHYSIOLOGIE(dateheure,temperature,rythmecardiaque) VALUES ('2018-12-06 10:00:00',37.5,103);
INSERT INTO PHYSIOLOGIE(dateheure,temperature,rythmecardiaque) VALUES ('2018-12-06 11:00:00',37.4,115);
INSERT INTO PHYSIOLOGIE(dateheure,temperature,rythmecardiaque) VALUES ('2018-12-06 12:00:00',37.6,122);
INSERT INTO PHYSIOLOGIE(dateheure,temperature,rythmecardiaque) VALUES ('2018-12-06 13:00:00',37.4,143);
INSERT INTO PHYSIOLOGIE(dateheure,temperature,rythmecardiaque) VALUES ('2018-12-06 14:00:00',37.7,152);
INSERT INTO PHYSIOLOGIE(dateheure,temperature,rythmecardiaque) VALUES ('2018-12-06 15:00:00',38,163);
INSERT INTO PHYSIOLOGIE(dateheure,temperature,rythmecardiaque) VALUES ('2018-12-06 16:00:00',37.9,160);
INSERT INTO PHYSIOLOGIE(dateheure,temperature,rythmecardiaque) VALUES ('2018-12-06 17:00:00',37.8,157);
INSERT INTO PHYSIOLOGIE(dateheure,temperature,rythmecardiaque) VALUES ('2018-12-06 18:00:00',37.5,131);
INSERT INTO PHYSIOLOGIE(dateheure,temperature,rythmecardiaque) VALUES ('2018-12-06 19:00:00',37.2,111);
INSERT INTO PHYSIOLOGIE(dateheure,temperature,rythmecardiaque) VALUES ('2018-12-06 20:00:00',37.1,90);
INSERT INTO PHYSIOLOGIE(dateheure,temperature,rythmecardiaque) VALUES ('2018-12-06 21:00:00',37.1,72);
INSERT INTO PHYSIOLOGIE(dateheure,temperature,rythmecardiaque) VALUES ('2018-12-06 22:00:00',37.1,72);
INSERT INTO PHYSIOLOGIE(dateheure,temperature,rythmecardiaque) VALUES ('2018-12-06 23:00:00',36.9,73);



INSERT INTO POSITIONHOMME (dateheure,latitude,longitude) VALUES ('2018-12-05 00:00:00',-24.19479,15.13462);
INSERT INTO POSITIONHOMME (dateheure,latitude,longitude) VALUES ('2018-12-05 01:00:00',-24.19479,15.13462);
INSERT INTO POSITIONHOMME (dateheure,latitude,longitude) VALUES ('2018-12-05 02:00:00',-24.19479,15.13462);
INSERT INTO POSITIONHOMME (dateheure,latitude,longitude) VALUES ('2018-12-05 03:00:00',-24.19479,15.13462);
INSERT INTO POSITIONHOMME (dateheure,latitude,longitude) VALUES ('2018-12-05 04:00:00',-24.19479,15.13462);
INSERT INTO POSITIONHOMME (dateheure,latitude,longitude) VALUES ('2018-12-05 05:00:00',-24.19479,15.13462);
INSERT INTO POSITIONHOMME (dateheure,latitude,longitude) VALUES ('2018-12-05 06:00:00',-24.19479,15.13462);
INSERT INTO POSITIONHOMME (dateheure,latitude,longitude) VALUES ('2018-12-05 07:00:00',-24.19479,15.13462);
INSERT INTO POSITIONHOMME (dateheure,latitude,longitude) VALUES ('2018-12-05 08:00:00',-24.19479,15.13462);
INSERT INTO POSITIONHOMME (dateheure,latitude,longitude) VALUES ('2018-12-05 09:00:00',-24.19479,15.13462);
INSERT INTO POSITIONHOMME (dateheure,latitude,longitude) VALUES ('2018-12-05 10:00:00',-24.19479,15.13462);
INSERT INTO POSITIONHOMME (dateheure,latitude,longitude) VALUES ('2018-12-05 11:00:00',-24.19479,15.13462);
INSERT INTO POSITIONHOMME (dateheure,latitude,longitude) VALUES ('2018-12-05 12:00:00',-24.19479,15.13462);
INSERT INTO POSITIONHOMME (dateheure,latitude,longitude) VALUES ('2018-12-05 13:00:00',-24.19479,15.13462);
INSERT INTO POSITIONHOMME (dateheure,latitude,longitude) VALUES ('2018-12-05 14:00:00',-24.19479,15.13462);
INSERT INTO POSITIONHOMME (dateheure,latitude,longitude) VALUES ('2018-12-05 15:00:00',-24.19479,15.13462);
INSERT INTO POSITIONHOMME (dateheure,latitude,longitude) VALUES ('2018-12-05 16:00:00',-24.19479,15.13462);
INSERT INTO POSITIONHOMME (dateheure,latitude,longitude) VALUES ('2018-12-05 17:00:00',-24.19479,15.13462);
INSERT INTO POSITIONHOMME (dateheure,latitude,longitude) VALUES ('2018-12-05 18:00:00',-24.19479,15.13462);
INSERT INTO POSITIONHOMME (dateheure,latitude,longitude) VALUES ('2018-12-05 19:00:00',-24.19479,15.13462);
INSERT INTO POSITIONHOMME (dateheure,latitude,longitude) VALUES ('2018-12-05 20:00:00',-24.19479,15.13462);
INSERT INTO POSITIONHOMME (dateheure,latitude,longitude) VALUES ('2018-12-05 21:00:00',-24.19479,15.13462);
INSERT INTO POSITIONHOMME (dateheure,latitude,longitude) VALUES ('2018-12-05 22:00:00',-24.19479,15.13462);
INSERT INTO POSITIONHOMME (dateheure,latitude,longitude) VALUES ('2018-12-05 23:00:00',-24.19479,15.13462);

INSERT INTO POSITIONHOMME (dateheure,latitude,longitude) VALUES ('2018-12-06 00:00:00',-24.19479,15.13462);
INSERT INTO POSITIONHOMME (dateheure,latitude,longitude) VALUES ('2018-12-06 01:00:00',-24.19479,15.13462);
INSERT INTO POSITIONHOMME (dateheure,latitude,longitude) VALUES ('2018-12-06 02:00:00',-24.19479,15.13462);
INSERT INTO POSITIONHOMME (dateheure,latitude,longitude) VALUES ('2018-12-06 03:00:00',-24.19479,15.13462);
INSERT INTO POSITIONHOMME (dateheure,latitude,longitude) VALUES ('2018-12-06 04:00:00',-24.19479,15.13462);
INSERT INTO POSITIONHOMME (dateheure,latitude,longitude) VALUES ('2018-12-06 05:00:00',-24.19479,15.13462);
INSERT INTO POSITIONHOMME (dateheure,latitude,longitude) VALUES ('2018-12-06 06:00:00',-24.19479,15.13462);
INSERT INTO POSITIONHOMME (dateheure,latitude,longitude) VALUES ('2018-12-06 07:00:00',-24.19479,15.13462);
INSERT INTO POSITIONHOMME (dateheure,latitude,longitude) VALUES ('2018-12-06 08:00:00',-24.19479,15.13462);
INSERT INTO POSITIONHOMME (dateheure,latitude,longitude) VALUES ('2018-12-06 09:00:00',-24.19634,15.13505);
INSERT INTO POSITIONHOMME (dateheure,latitude,longitude) VALUES ('2018-12-06 10:00:00',-24.19750,15.13683);
INSERT INTO POSITIONHOMME (dateheure,latitude,longitude) VALUES ('2018-12-06 11:00:00',-24.19898,15.13756);
INSERT INTO POSITIONHOMME (dateheure,latitude,longitude) VALUES ('2018-12-06 12:00:00',-24.20053,15.13852);
INSERT INTO POSITIONHOMME (dateheure,latitude,longitude) VALUES ('2018-12-06 13:00:00',-24.19856,15.13948);
INSERT INTO POSITIONHOMME (dateheure,latitude,longitude) VALUES ('2018-12-06 14:00:00',-24.19856,15.13948);
INSERT INTO POSITIONHOMME (dateheure,latitude,longitude) VALUES ('2018-12-06 15:00:00',-24.19479,15.13462);
INSERT INTO POSITIONHOMME (dateheure,latitude,longitude) VALUES ('2018-12-06 16:00:00',-24.19479,15.13462);
INSERT INTO POSITIONHOMME (dateheure,latitude,longitude) VALUES ('2018-12-06 17:00:00',-24.19479,15.13462);
INSERT INTO POSITIONHOMME (dateheure,latitude,longitude) VALUES ('2018-12-06 18:00:00',-24.19479,15.13462);
INSERT INTO POSITIONHOMME (dateheure,latitude,longitude) VALUES ('2018-12-06 19:00:00',-24.19479,15.13462);
INSERT INTO POSITIONHOMME (dateheure,latitude,longitude) VALUES ('2018-12-06 20:00:00',-24.19479,15.13462);
INSERT INTO POSITIONHOMME (dateheure,latitude,longitude) VALUES ('2018-12-06 21:00:00',-24.19479,15.13462);
INSERT INTO POSITIONHOMME (dateheure,latitude,longitude) VALUES ('2018-12-06 22:00:00',-24.19479,15.13462);
INSERT INTO POSITIONHOMME (dateheure,latitude,longitude) VALUES ('2018-12-06 23:00:00',-24.19479,15.13462);

INSERT INTO POSITIONBASE (dateheure,latitude,longitude) VALUES ('2018-12-05 00:00:00',-24.19479,15.13462);

INSERT INTO STOCKBASE (dateheure,designationproduit,qte) VALUES ('2018-12-05 00:00:00','épinards lyophilisés',121);
INSERT INTO STOCKBASE (dateheure,designationproduit,qte) VALUES ('2018-12-05 00:00:00','pommes de terres',121);
INSERT INTO STOCKBASE (dateheure,designationproduit,qte) VALUES ('2018-12-05 00:00:00','portion petit déjeuner',300);
INSERT INTO STOCKBASE (dateheure,designationproduit,qte) VALUES ('2018-12-05 00:00:00','café',50);
INSERT INTO STOCKBASE (dateheure,designationproduit,qte) VALUES ('2018-12-05 00:00:00','sondes',30);
INSERT INTO STOCKBASE (dateheure,designationproduit,qte) VALUES ('2018-12-05 00:00:00','batteries',20);
INSERT INTO STOCKBASE (dateheure,designationproduit,qte) VALUES ('2018-12-05 00:00:00','eau',1000);
INSERT INTO STOCKBASE (dateheure,designationproduit,qte) VALUES ('2018-12-05 00:00:00','doliprane',30);
INSERT INTO STOCKBASE (dateheure,designationproduit,qte) VALUES ('2018-12-05 00:00:00','anesthésiants',20);
INSERT INTO STOCKBASE (dateheure,designationproduit,qte) VALUES ('2018-12-05 00:00:00','habits',20);


INSERT INTO VIVRESSORTIES (dateheure,designationproduit,qte) VALUES ('2018-12-05 07:00:00','portion petit déjeuner',1);
INSERT INTO VIVRESSORTIES (dateheure,designationproduit,qte) VALUES ('2018-12-05 07:00:00','eau',1);
INSERT INTO VIVRESSORTIES (dateheure,designationproduit,qte) VALUES ('2018-12-05 12:00:00','épinards lyophilisés',1);
INSERT INTO VIVRESSORTIES (dateheure,designationproduit,qte) VALUES ('2018-12-05 12:00:00','eau',1);
INSERT INTO VIVRESSORTIES (dateheure,designationproduit,qte) VALUES ('2018-12-05 20:00:00','pommes de terres',1);
INSERT INTO VIVRESSORTIES (dateheure,designationproduit,qte) VALUES ('2018-12-05 20:00:00','eau',1);
INSERT INTO VIVRESSORTIES (dateheure,designationproduit,qte) VALUES ('2018-12-06 07:00:00','portion petit déjeuner',1);
INSERT INTO VIVRESSORTIES (dateheure,designationproduit,qte) VALUES ('2018-12-06 07:00:00','eau',1);
INSERT INTO VIVRESSORTIES (dateheure,designationproduit,qte) VALUES ('2018-12-06 08:00:00','habits',1);
INSERT INTO VIVRESSORTIES (dateheure,designationproduit,qte) VALUES ('2018-12-06 09:00:00','épinards lyophilisés',1);
INSERT INTO VIVRESSORTIES (dateheure,designationproduit,qte) VALUES ('2018-12-06 09:00:00','eau',1);
INSERT INTO VIVRESSORTIES (dateheure,designationproduit,qte) VALUES ('2018-12-06 09:00:00','sondes',2);
INSERT INTO VIVRESSORTIES (dateheure,designationproduit,qte) VALUES ('2018-12-06 20:00:00','pommes de terres',1);
INSERT INTO VIVRESSORTIES (dateheure,designationproduit,qte) VALUES ('2018-12-06 20:00:00','eau',1);

